<?xml version="1.0" encoding="UTF-8"?>
<!--
  Copyright 2010-2012 the original author or authors.

  Licensed under the Apache License, Version 2.0 (the "License");
  you may not use this file except in compliance with the License.
  You may obtain a copy of the License at

    http://www.apache.org/licenses/LICENSE-2.0

  Unless required by applicable law or agreed to in writing, software
  distributed under the License is distributed on an "AS IS" BASIS,
  WITHOUT WARRANTIES OR CONDITIONS OF ANY KIND, either express or implied.
  See the License for the specific language governing permissions and
  limitations under the License.
-->

<!--  version: $Id$ -->

<document xmlns="http://maven.apache.org/XDOC/2.0" xmlns:xsi="http://www.w3.org/2001/XMLSchema-instance"
  xsi:schemaLocation="http://maven.apache.org/XDOC/2.0 http://maven.apache.org/xsd/xdoc-2.0.xsd">

  <properties>
    <title>마이바티스 스프링 연동모듈 | 시작하기</title>
    <author email="hpresnall@gmail.com">Hunter Presnall</author>
    <author email="eduardo.macarron@gmail.com">Eduardo Macarron</author>
    <author email="fromm0@gmail.com">이동국(한국어 번역)</author>
  </properties>

  <body>
    <section name="Getting Started">
      <p>이 장은 마이바티스 스프링 연동모듈을 설치하고 셋팅하는 방법에 대해 간단히 보여준다. 
      그리고 트랜잭션을 사용하는 간단한 애플리케이션을 만드는 방법까지 다룰 것이다. </p>

    <subsection name="Installation">
      <p>마이바티스 스프링 연동모듈을 사용하기 위해서, 클래스패스에 <code>mybatis-spring-x.x.x.jar</code>를 포함시켜야 한다. </p>
      <p>메이븐을 사용하고 있다면 pom.xml에 다음처럼 의존성을 추가하면 된다. </p>
        <source><![CDATA[
<dependency>
  <groupId>org.mybatis</groupId>
  <artifactId>mybatis-spring</artifactId>
  <version>x.x.x</version>
</dependency>]]></source>
    </subsection>

    <subsection name="Quick Setup">
      <p>마이바티스를 스프링과 함께 사용하려면 스프링의 애플리케이션 컨텍스트에 적어도 두개를 정의해줄 필요가 있다. 
      두가지는 <code>SqlSessionFactory</code>와 한개 이상의 매퍼 인터페이스이다. </p>

      <p>마이바티스 스프링 연동모듈에서, <code>SqlSessionFactoryBean</code>은 <code>SqlSessionFactory</code>를 만들기 위해 사용된다. 
      팩토리 빈을 설정하기 위해, 스프링 XML설정파일에 다음 설정을 추가하자. 
      </p>

        <source><![CDATA[
<bean id="sqlSessionFactory" class="org.mybatis.spring.SqlSessionFactoryBean">
  <property name="dataSource" ref="dataSource" />
</bean>]]></source>

      <p><code>SqlSessionFactory</code>는 <code>DataSource</code>를 필요로 하는 것을 알아둘 필요가 있다. 
      어떤 <code>DataSource</code>도 상관없지만 다른 스프링의 데이터베이스 연결과 동일하게 설정되어야 한다. </p>

      <p>매퍼 인터페이스가 다음처럼 정의되었다고 가정해보자. </p>
        <source><![CDATA[public interface UserMapper {
  @Select("SELECT * FROM users WHERE id = #{userId}")
  User getUser(@Param("userId") String userId);
} ]]></source>

      <p>UserMapper인터페이스는 다음처럼 <code>MapperFactoryBean</code>을 사용해서 스프링에 추가된다. </p>
        <source><![CDATA[
<bean id="userMapper" class="org.mybatis.spring.mapper.MapperFactoryBean">
  <property name="mapperInterface" value="org.mybatis.spring.sample.mapper.UserMapper" />
  <property name="sqlSessionFactory" ref="sqlSessionFactory" />
</bean>]]></source>

      <p>매퍼는 <strong>반드시</strong> 구현체 클래스가 아닌 인터페이스로 정의되어야 한다.
      예를들어, 애노테이션이 SQL을 명시하기 위해 사용되지만 마이바티스 매퍼 XML파일 또한 사용될 수 있다. </p>

      <p>한번만 설정하면, 다른 스프링 빈에 주입하는 같은 방법으로 비즈니스/서비스 객체에 매퍼를 직접 주입할 수 있다. 
       <code>MapperFactoryBean</code>은 <code>SqlSession</code>을 생성하고 닫는 작업을 잘 다룬다.
       실행중인 스프링 트랜잭션이 있다면, 트랜잭션이 완료되는 시점에 커밋이나 롤백이 될 것이다. 
        마지막으로 예외가 발생하면 스프링의 <code>DataAccessException</code>예외가 발생한다. </p>

      <p>마이바티스의 데이터 관련 메서드는 호출하는 것은 한줄이면 된다. </p>
        <source><![CDATA[
public class FooServiceImpl implements FooService {

private UserMapper userMapper;

public void setUserMapper(UserMapper userMapper) {
  this.userMapper = userMapper;
}

public User doSomeBusinessStuff(String userId) {
  return this.userMapper.getUser(userId);
}]]></source>
      </subsection>
    </section>
  </body>
</document>
