<?xml version="1.0" encoding="UTF-8"?>
<!--
  Copyright 2010-2013 the original author or authors.

  Licensed under the Apache License, Version 2.0 (the "License");
  you may not use this file except in compliance with the License.
  You may obtain a copy of the License at

      http://www.apache.org/licenses/LICENSE-2.0

  Unless required by applicable law or agreed to in writing, software
  distributed under the License is distributed on an "AS IS" BASIS,
  WITHOUT WARRANTIES OR CONDITIONS OF ANY KIND, either express or implied.
  See the License for the specific language governing permissions and
  limitations under the License.
-->

<!--  version: $Id$ -->

<document xmlns="http://maven.apache.org/XDOC/2.0"
  xmlns:xsi="http://www.w3.org/2001/XMLSchema-instance"
  xsi:schemaLocation="http://maven.apache.org/XDOC/2.0 http://maven.apache.org/xsd/xdoc-2.0.xsd">

  <properties>
    <title>마이바티스 스프링 연동모듈 | 매퍼 주입</title>
    <author email="hpresnall@gmail.com">Hunter Presnall</author>
    <author email="eduardo.macarron@gmail.com">Eduardo Macarron</author>
    <author email="fromm0@gmail.com">이동국(한국어 번역)</author>
  </properties>

  <body>
    <section name="Injecting Mappers">
      <p>데이터 접근 객체인 DAO를 만든것보다 직접 <code>SqlSessionDaoSupport</code> 나 <code>SqlSessionTemplate</code> 를 사용하자.
       마이바티스 스프링 연동모듈은 다른 빈에 직접 주입할 수 있는 쓰레드에 안전한 매퍼를 생성할 수 있다. </p>

      <source><![CDATA[<bean id="fooService" class="org.mybatis.spring.sample.mapper.FooServiceImpl">
  <property name="userMapper" ref="userMapper" />
</bean>]]></source>
 
      <p>한번 주입하고나면 매퍼는 애플리케이션 로직에서 사용할수 있는 준비가 된다. </p>
         <source><![CDATA[public class FooServiceImpl implements FooService {

  private UserMapper userMapper;

  public void setUserMapper(UserMapper userMapper) {
    this.userMapper = userMapper;
  }

  public User doSomeBusinessStuff(String userId) {
    return this.userMapper.getUser(userId);
  }
}]]></source>
       <p>이 코드를 보면 <code>SqlSession</code>이나 마이바티스 객체가 보이지 않는다. 
       게다가 세션을 생성하거나 열고 닫을필요도 없어보인다. 
       마이바티스 스프링 연동모듈이 알아서 처리할 것이다. </p>

	<subsection name="Registering a mapper" id="register">
	  <p>매퍼를 등록하는 방법은 기존의 전통적인 XML설정법을 사용하거나 새로운 3.0 이후의 자바설정(일명 @Configuration)을 사용하느냐에 따라 다르다. </p>
	
      <h4>XML설정 사용</h4>
      
      <p>매퍼는 다음처럼 XML설정파일에 <code>MapperFactoryBean</code>을 두는 것으로 스프링에 등록된다. </p>
        <source><![CDATA[<bean id="userMapper" class="org.mybatis.spring.mapper.MapperFactoryBean">
  <property name="mapperInterface" value="org.mybatis.spring.sample.mapper.UserMapper" />
  <property name="sqlSessionFactory" ref="sqlSessionFactory" />
</bean>]]></source>

      <p>UserMapper가 매퍼 인터페이스와 같은 경로의 클래스패스에 마이바티스 XML매퍼 파일을 가지고 있다면 <code>MapperFactoryBean</code>이 자동으로 파싱할것이다.
       매퍼 XML파일을 다른 클래스패스에 두는게 아니라면 마이바티스 설정파일에 매퍼를 지정할 필요가 없다.
       좀더 세부적인 정보는 <code>SqlSessionFactoryBean</code>의 <code><a href="factorybean.html">configLocation</a></code> 프로퍼티를 살펴보자. </p>

      <p><code>MapperFactoryBean</code>은 <code>SqlSessionFactory</code> 나 <code>SqlSessionTemplate</code>가 필요하다. 
      <code>sqlSessionFactory</code> 와 <code>sqlSessionTemplate</code> 프로퍼티를 셋팅하면 된다. 
       둘다 셋팅하면 <code>SqlSessionFactory</code>가 무시된다. 
       세션 팩토리 셋은 <code>SqlSessionTemplate</code>이 필요하고 <code>MapperFactoryBean</code>는 팩토리를 사용할것이다. </p>
      
       <h4>자바설정 사용</h4>
       
       <p>스프링의 Java Config기능을 사용하면 다음처럼 <code>SqlSessionTemplate</code> 에서 직접 매퍼를 얻을 수 있다. </p>
        
<source><![CDATA[    @Bean
    public SqlSessionFactory sqlSessionFactory() throws Exception {
      SqlSessionFactoryBean sqlSessionFactory = new SqlSessionFactoryBean();
      sqlSessionFactory.setDataSource(dataSource());
      return (SqlSessionFactory) sqlSessionFactory.getObject();
    }

    @Bean
    public UserMapper userMapper() throws Exception {
      SqlSessionTemplate sessionTemplate = new SqlSessionTemplate(sqlSessionFactory());
      return sessionTemplate.getMapper(UserMapper.class);
    }
]]></source>

       <p>마이바티스의 디폴트 <code>SqlSession</code>에서 매퍼를 리턴받을수 없다. 
       디폴트 <code>SqlSession</code>은 쓰레드에 안전하지 않고 생성된 <code>SqlSession</code>이 닫힐때까지만 살아있기 때문이다.
       대신 샘플코드에서 보여주는 것처럼 <code><a href="sqlsession.html#SqlSessionTemplate">SqlSessionTemplate</a></code> 를 사용해야만 한다. </p>
    </subsection>

    <subsection name="Scanning for mappers" id="scan">
      <p>하나씩 매퍼를 모두 등록할 필요가 없다. 
       대신 클래스패스를 지정해서 마이바티스 스프링 연동모듈의 자동스캔기능을 사용할 수 있다. </p>
      
      <p>자동스캔을 사용하는데는 3가지 방법이 있다. </p>
      <ul>
        <li><code>&lt;mybatis:scan/&gt;</code> 엘리먼트 사용</li>
        <li><code>@MapperScan</code> 애노테이션 사용</li>
        <li>스프링 XML파일을 사용해서 <code>MapperScannerConfigurer</code>를 등록</li>
      </ul>
      
      <p><code>&lt;mybatis:scan/&gt;</code> 와 <code>@MapperScan</code> 모두 마이바티스 스프링 연동모듈 1.2.0에서 추가된 기능이다. 
      <code>@MapperScan</code> 은 스프링 버전이 3.1이상이어야 한다. </p> 

      <h4>&lt;mybatis:scan/&gt;</h4>
      
      <p><code>&lt;mybatis:scan/&gt;</code> XML엘리먼트는 스프링에서 제공하는 <code>&lt;context:component-scan/&gt;</code> 엘리먼트와 매우 유사한 방법으로 매퍼를 검색할 것이다. </p>
      
      <p>샘플 XML설정을 아래에서 볼수 있다. </p>

        <source><![CDATA[<beans xmlns="http://www.springframework.org/schema/beans"
  xmlns:xsi="http://www.w3.org/2001/XMLSchema-instance"
  xmlns:mybatis="http://mybatis.org/schema/mybatis-spring"
  xsi:schemaLocation="
  http://www.springframework.org/schema/beans http://www.springframework.org/schema/beans/spring-beans-3.0.xsd
  http://mybatis.org/schema/mybatis-spring http://mybatis.org/schema/mybatis-spring.xsd">
 
  <mybatis:scan base-package="org.mybatis.spring.sample.mapper" />

</beans>]]></source>

      <p><code>base-package</code> 속성은 매퍼 인터페이스 파일이 있는 가장 상위 패키지를 지정하면 된다. 
       세미콜론이나 콤마를 구분자로 사용해서 한개 이상의 패키지를 셋팅할 수 있다. 
       매퍼는 지정된 패키지에서 재귀적으로 하위 패키지를 모두 검색할 것이다. </p>

      <p><code>&lt;mybatis:scan/&gt;</code>이 자동으로 주입할 수 있는 <code>MapperFactoryBean</code>를 생성하기 때문에 
      <code>SqlSessionFactory</code> 나 <code>SqlSessionTemplate</code> 를 명시할 필요가 없다.
       하지만 한개 이상의 <code>DataSource</code>를 사용한다면 자동주입이 생각한데로 동작하지 않을수도 있다.
       이 경우 사용할 빈 이름을 지정하기 위해 <code>factory-ref</code> 나 <code>template-ref</code> 속성을 사용할수 있다. </p>

      <p><code>&lt;mybatis:scan/&gt;</code>은 마커(marker) 인터페이스나 애노테이션을 명시해서 생성되는 매퍼를 필터링할수도 있다.
      <code>annotation</code> 프로퍼티는 검색할 애노테이션을 지정한다. 
      <code>marker-interface</code> 프로퍼티는 검색할 상위 인터페이스를 지정한다.
       이 두개의 프로퍼티를 모두 지정하면, 매퍼는 두 조건을 모두 만족하는 인터페이스만을 추가한다.
       디폴트로 이 두가지 프로퍼티는 모두 null이다. 
       그래서 base-package프로퍼티에 설정된 패키지 아래 모든 인터페이스가 매퍼로 로드될 것이다. </p>

      <p>발견된 매퍼는 자동검색된 컴포넌트를 위한 스프링의 디폴트 명명규칙 전략(스프링 메뉴얼의 3.14.4를 보라)을 사용해서 빈이름이 명명된다.
       빈 이름을 정하는 애노테이션이 없다면 매퍼의 이름에서 첫글자를 소문자로 변환한 형태로 빈 이름을 사용할 것이다.
      @Component 나 JSR-330의 @Named 애노테이션이 있다면 애노테이션에 정의한 이름을 그대로 사용할 것이다. 
      <code>annotation</code> 프로퍼티를 <code>org.springframework.stereotype.Component</code>, 
      <code>javax.inject.Named</code>(자바SE 1.6을 사용한다면) 또는 개발자가 스스로 작성한 애노테이션으로 셋팅할 수 있다.
       그러면 애노테이션은 마커와 이름을 제공하는 역할로 동작할 것이다. </p>

      <p>
        <span class="label important">중요</span> <code>&lt;context:component-scan/&gt;</code> 가 매퍼를 검색해서 등록을 하지 못할수도 있다. 
        매퍼는 인터페이스고 스프링에 빈으로 등록하기 위해서는 각각의 인터페이스를 찾기 위해 스캐너가 <code>MapperFactoryBean</code> 를 생성하는 방법을 알아야만 한다. </p>

      <h4>@MapperScan</h4>
      
      <p>@Configuration 라고 불리는 스프링의 자바설정을 사용한다면 <code>&lt;mybatis:scan/&gt;</code>보다는  
      <code>@MapperScan</code>를 사용하길 선호할것이다. </p>
      
      <p><code>@MapperScan</code> 애노테이션은 다음처럼 사용된다. </p>
   
   <source><![CDATA[@Configuration
@MapperScan("org.mybatis.spring.sample.mapper")
public class AppConfig {

  @Bean
  public DataSource dataSource() {
    return new EmbeddedDatabaseBuilder().addScript("schema.sql").build()
  }

  @Bean
  public SqlSessionFactory sqlSessionFactory() throws Exception {
    SqlSessionFactoryBean sessionFactory = new SqlSessionFactoryBean();
    sessionFactory.setDataSource(dataSource());
    return sessionFactory.getObject();
  }
}
]]></source>
	
	  <p>애노테이션은 앞서 본 <code>&lt;mybatis:scan/&gt;</code> 에서 설명하는 것과 동일하게 동작한다.
	  <code>markerInterface</code> 와 <code>annotationClass</code> 프로퍼티를 사용해서 마커 인터페이스와 애노테이션 클래스를 명시하게 한다.
	  <code>sqlSessionFactory</code> 와 <code>sqlSessionTemplate</code> 프로퍼티를 사용해서 
	  <code>SqlSessionFactory</code> 나 <code>SqlSessionTemplate</code>을 제공할 수도 있다. </p>
     
      <h4>MapperScannerConfigurer</h4>
        
      <p><code>MapperScannerConfigurer</code>는 평범한 빈처럼 XML애플리케이션 컨텍스트에 포함된 <code>BeanDefinitionRegistryPostProcessor</code> 이다.
      <code>MapperScannerConfigurer</code>를 셋업하기 위해 다음의 스프링 설정을 추가하자. </p>
        <source><![CDATA[<bean class="org.mybatis.spring.mapper.MapperScannerConfigurer">
  <property name="basePackage" value="org.mybatis.spring.sample.mapper" />
</bean>]]></source>

      <p><code>sqlSessionFactory</code> 나 <code>sqlSessionTemplate</code>를 지정할 필요가 있다면 빈참조가 아닌 <strong>빈이름</strong>이 필요하다. 
      <code>value</code> 프로퍼티는 빈 이름을 지정하고 <code>ref</code> 는 빈 참조를 지정하기 때문에 <code>value</code> 프로퍼티를 사용하자. </p>
      <source><![CDATA[<property name="sqlSessionFactoryBeanName" value="sqlSessionFactory" />]]></source>
    
      <p><span class="label important">중요</span> <code>sqlSessionFactoryBean</code> 과 <code>sqlSessionTemplateBean</code> 프로퍼티는 
       마이바티스 스프링 연동모듈 1.0.2 버전 이상에서만 사용이 가능하다. 하지만 <code>MapperScannerConfigurer</code>는 잦은 에러를 발생시키는 
       <code>PropertyPlaceholderConfigurer</code>보다 앞서 실행되기 때문에 이 프로퍼티들은 사용하지 말길 바란다(deprecated).
       대신 새롭게 추가된 프로퍼티인 <code>sqlSessionFactoryBeanName</code> 과 <code>sqlSessionTemplateBeanName</code> 를 사용하도록 권한다. </p>
      </subsection>
    </section>
  </body>
</document>
