<?xml version="1.0" encoding="UTF-8"?>
<!--
  Copyright 2010-2012 the original author or authors.

  Licensed under the Apache License, Version 2.0 (the "License");
  you may not use this file except in compliance with the License.
  You may obtain a copy of the License at

    http://www.apache.org/licenses/LICENSE-2.0

  Unless required by applicable law or agreed to in writing, software
  distributed under the License is distributed on an "AS IS" BASIS,
  WITHOUT WARRANTIES OR CONDITIONS OF ANY KIND, either express or implied.
  See the License for the specific language governing permissions and
  limitations under the License.
-->

<!--
  version: $Id$
-->
<project xmlns="http://maven.apache.org/DECORATION/1.1.0" xmlns:xsi="http://www.w3.org/2001/XMLSchema-instance"
  xsi:schemaLocation="http://maven.apache.org/DECORATION/1.1.0 http://maven.apache.org/xsd/decoration-1.1.0.xsd"
  name="MyBatis">

  <body>
    <menu name="Manual de Referencia">
      <item name="Introducción" href="index.html"/>
      <item name="Primeros pasos" href="getting-started.html"/>
      <item name="SqlSessionFactoryBean" href="factorybean.html"/>
      <item name="Transacciones" href="transactions.html" collapse="true">
        <item href="transactions.html#configuration" name="Configuración" />
        <item href="transactions.html#container" name="CMT" />
        <item href="transactions.html#programmatic" name="Ǵestión programática" />
      </item>
      <item name="Uso de SqlSession" href="sqlsession.html" collapse="true">
        <item href="sqlsession.html#SqlSessionTemplate" name="SqlSessionTemplate" />
        <item href="sqlsession.html#SqlSessionDaoSupport" name="SqlSessionDaoSupport" />
      </item>
      <item name="Inyección de Mappers" href="mappers.html" collapse="true">
        <item href="mappers.html#register" name="Registrar un mapper" />
        <item href="mappers.html#scan" name="Escanear mappers" />
      </item>
      <item name="Uso del API de MyBatis" href="using-api.html"/>
      <item name="Spring Batch" href="batch.html"/>
      <item name="Código de ejemplo" href="sample.html"/>
    </menu>

    <menu ref="reports"/>
  </body>
</project>