<?xml version="1.0" encoding="UTF-8"?>
<!--
  Copyright 2010-2012 the original author or authors.

  Licensed under the Apache License, Version 2.0 (the "License");
  you may not use this file except in compliance with the License.
  You may obtain a copy of the License at

      http://www.apache.org/licenses/LICENSE-2.0

  Unless required by applicable law or agreed to in writing, software
  distributed under the License is distributed on an "AS IS" BASIS,
  WITHOUT WARRANTIES OR CONDITIONS OF ANY KIND, either express or implied.
  See the License for the specific language governing permissions and
  limitations under the License.
-->

<!--  version: $Id$ -->

<document xmlns="http://maven.apache.org/XDOC/2.0"
  xmlns:xsi="http://www.w3.org/2001/XMLSchema-instance"
  xsi:schemaLocation="http://maven.apache.org/XDOC/2.0 http://maven.apache.org/xsd/xdoc-2.0.xsd">

  <properties>
    <title>MyBatis-Spring | Código de ejemplo</title>
    <author email="hpresnall@gmail.com">Hunter Presnall</author>
    <author email="eduardo.macarron@gmail.com">Eduardo Macarron</author>
  </properties>

  <body>
    <section name="Código de ejemplo">
      <p>
        JPetStore 6 es una aplicación web completa construida sobre MyBatis 3,
      	<a href="http://www.springsource.org">Spring 3</a> y <a href="http://www.stripesframework.org/">Stripes</a>.
        Está disponible para su descarga en la sección de
        <a href="https://github.com/mybatis/jpetstore-6/releases">downloads</a>
        del site de MyBatis.
        En esta sección haremos un recorrido por este ejemplo para comprender cómo está construido y cómo ejecutarlo.
      </p>
      <subsection name="Propósito">
      	<p>
      	Esta nueva versión de JPetStore viene con la misma idea en mente que sus precedesores: <strong>hazlo fácil</strong>. El propósito principal
      	tras JPetStore 6 es demostrar que una aplicación web completa puede construirse con sólo unas pocas clases, y lo que es más importante,
      	sin necesidad de tener grandes conocimientos de programación. Sólo necesitas saber java básico y SQL.
      	</p>
      	<p>
      	La sexta versión de JPetStore es la más pequeña de la familia. Sólo usa 24 clases y conserva un buen diseño y estructura de programa.
      	Como veremos un poco después, no encontrarás código JDBC, de creación de objetos, de enlace de objetos o de gestión de transacciones.
      	Y lo que es más sorprendente es que <strong>¡no encontrarás ninguna llamada al API de MyBatis!</strong>. A pesar de que esto suena a mágia,
      	verás que la combinación de los mappers de MyBatis con la inyección de dependencias te permite realizar aplicaciones libres de dependencia
      	de MyBatis.
      	</p>
      </subsection>
      <subsection name="Estructura del código">
      	<p> JPetStore 6 sigue la típica estructura de una aplicación maven.</p>
<pre>/jpetstore                    <tt>&lt;-- El fichero maven pom.xml va aqui.</tt>
  /src
    /main/
      /java                   <tt>&lt;-- El código java va aqui.</tt>
        /org/
          /mybatis
            /jpetstore
              /domain         <tt>&lt;-- Los objetos de negocio van aqui.</tt>
              /persistence    <tt>&lt;-- Las mapper interfaces van aqui.</tt>
              /service        <tt>&lt;-- La lógica de aplicación va aqui.</tt>
              /web
                /actions      <tt>&lt;-- La lógica de presentación (actions) van aqui.</tt>
      /resources              <tt>&lt;-- Aqui van los recursos no-java.</tt>
        /org
          /mybatis
            /jpetstore
              /persistence    <tt>&lt;-- Los ficheros de mapeo XML van aqui.</tt>
        /database
      /webapp
        /css
        /images
        /WEB-INF              <tt>&lt;-- web.xml y applicationContext.xml están aqui.</tt>
          /jsp                <tt>&lt;-- los ficheros JSP van aqui.</tt>
      </pre>
      </subsection>

      <subsection name="Ficheros de configuración">
      <p>
      Los ficheros de configuración se leen durante el arranque de la aplicación. Su propósito es configurar los tres
      frameworks que componen la aplicación: Stripes, Spring y MyBatis. Sólo tendremos que configurar
      dos ficheros: web.xml y applicationContext.xml.
      </p>
      <h4>web.xml</h4>
      <p>
      Primeramente debemos arrancar Stripes, asi que, para ello, seguimos el manual de Stripes. El manual indica
      que debe configurarse un dispatcher servlet y un filtro filter. Vamos allá.
      </p>
<source><![CDATA[
<filter>
	<display-name>Stripes Filter</display-name>
	<filter-name>StripesFilter</filter-name>
	<filter-class>net.sourceforge.stripes.controller.StripesFilter</filter-class>
</filter>
<filter-mapping>
	<filter-name>StripesFilter</filter-name>
	<servlet-name>StripesDispatcher</servlet-name>
	<dispatcher>REQUEST</dispatcher>
</filter-mapping>
<servlet>
	<servlet-name>StripesDispatcher</servlet-name>
	<servlet-class>net.sourceforge.stripes.controller.DispatcherServlet</servlet-class>
	<load-on-startup>1</load-on-startup>
</servlet>
<servlet-mapping>
	<servlet-name>StripesDispatcher</servlet-name>
	<url-pattern>*.action</url-pattern>
</servlet-mapping>
]]></source>

	<p>
	Stripes es capaz de buscar los ActionBeans, para ello debemos configurar el paquete base desde el que debe comenzar la búsqueda.</p>

<source><![CDATA[
<filter-class>net.sourceforge.stripes.controller.StripesFilter</filter-class>
  <init-param>
    <param-name>ActionResolver.Packages</param-name>
    <param-value>org.mybatis.jpetstore.web</param-value>
  </init-param>
</filter>
]]></source>

	<p>
	Hemos acabado con Stripes. Continuemos con la parte de Spring. Según el manual de Spring debemos añadir un context listener
	para arrancar Spring asi que añadámoslo:</p>

<source><![CDATA[
<listener>
  <listener-class>org.springframework.web.context.ContextLoaderListener</listener-class>
</listener>
]]></source>

	<p>
	Por defecto Spring usa el fichero de configuración <code>/WEB-INF/applicationContext.xml</code> si no indicamos uno distinto.
	El valor por defecto está bien para nosotros.
	</p>

	<p>
	Ahora tenemos que decirle a Stripes que va a ejecutarse junto con Spring. De esta forma seremos capaces de
	inyectar beans de Spring en ActionBeans de Stripes. Para ello, siguiendo una vez más el manual de Stripes, configuramos un interceptor
	como sigue:
	</p>

<source><![CDATA[
<filter-class>net.sourceforge.stripes.controller.StripesFilter</filter-class>
  ...
  <init-param>
    <param-name>Interceptor.Classes</param-name>
    <param-value>net.sourceforge.stripes.integration.spring.SpringInterceptor</param-value>
  </init-param>
</filter>
]]></source>

      <p>
      Hemos acabado con el web.xml. Como habrás notado, no hemos realizado ninguna configuración de MyBatis 3 aun.
      Esa configuración va en el fichero applicationContext.xml de Spring y la veremos en la siguiente seccion.
      section.
      </p>

      <h4>applicationContext.xml</h4>
      <p>
      Como ya sabes el fichero applicationContext.xml es el fichero de configuración de Spring. Spring es un framework
      de inyección de dependencias y debe conocer qué beans debe crear y como enlazarlos y esto es precisamente para lo que
      sirve el applicationContext.xml. Echémosle un vistazo.
      </p>

      <p>
      La primera tarea y la más sencilla que debemos hacer es indicarle a Spring donde buscar nuestros beans de servicio.
      Dejaremos que Spring los busque en nuestro classpath y para ello tenemos que indicar a Spring el paquete base donde comenzar la búsqueda:
      </p>

<source><![CDATA[
<context:component-scan base-package="org.mybatis.jpetstore.service" />
]]></source>

	  <p>
	  <span class="label important">NOTA</span> Spring no es capaz de localizar de forma automática los mappers de MyBatis.
	  Un mapper no es un bean normal y Spring no conocería cómo instanciarlos. Necesitaremos un
	  <code>MapperScannerConfigurer</code> para esta tarea, como veremos pronto.
	  </p>

	  <p>
	  Necesitaremos también un <code>DataSource</code> y un <code>TransactionManager</code>. Como esto es una aplicación de demo usaremos
	  un <code>DataSource</code> de test de Spring que crea una base de datos HSQL en memoria y carga en ella los scripts de datos,
	  y el <code>DataSourceTransactionManager</code> estándar de Spring para gestionar transacciones.
	  </p>

<source><![CDATA[
<jdbc:embedded-database id="dataSource">
  <jdbc:script location="classpath:database/jpetstore-hsqldb-schema.sql"/>
  <jdbc:script location="classpath:database/jpetstore-hsqldb-dataload.sql"/>
</jdbc:embedded-database>

<bean id="transactionManager" class="org.springframework.jdbc.datasource.DataSourceTransactionManager">
  <property name="dataSource" ref="dataSource" />
</bean>
]]></source>

	  <p>
	  Hasta ahora, todo lo que hemos hecho es configurar Stripes y Spring y ya es momento de movernos a la parte de MyBatis.
	  Como ya has aprendido del manual de MyBatis para configurar MyBatis con Spring necesitas al menos dos cosas:
	  un <code>SqlSessionFactoryBean</code> y un mapper. Asi que pongámonos manos a la obra.
	  Primeramente definimos un <code>SqlSessionFactoryBean</code>:
	  </p>

<source><![CDATA[
<bean id="sqlSessionFactory" class="org.mybatis.spring.SqlSessionFactoryBean">
  <property name="dataSource" ref="dataSource" />
</bean>
]]></source>

      <p>
      Y ahora tenemos que configurar nuestros mappers. Para ello vamos a usar un <code>MapperScannerConfigurer</code>
      que funciona de forma similar al component scan de Spring. El buscará mappers en nuestro classpath y los registrará en Spring.
      De forma similar a como hicimos con el component-scan de Spring debemos configurar un paquete base donde iniciar la búsqueda.
      </p>

<source><![CDATA[
<bean class="org.mybatis.spring.mapper.MapperScannerConfigurer">
  <property name="basePackage" value="org.mybatis.jpetstore.persistence" />
</bean>
]]></source>

      <p>
      Para escribir algo menos en nuestros ficheros de mapeo XML podemos utilizar alias cortos para nuestros beans.
      El <code>SqlSessionFactoryBean</code> tiene la capacidad de buscar beans y registrar sus nombres cortos como alias si
      configuramosla propiedad <code>typeAliasPackage</code> como sigue:
      </p>

<source><![CDATA[
<bean id="sqlSessionFactory" class="org.mybatis.spring.SqlSessionFactoryBean">
  <property name="dataSource" ref="dataSource" />
  <property name="typeAliasesPackage" value="org.mybatis.jpetstore.domain" />
</bean>
]]></source>

		<p>
		Nuestra aplicación está completamente configurada y lista para ejecutarse. Pero antes que eso demos un paseo por el código
		para ver qué pinta tiene.
		</p>

      </subsection>

      <subsection name="Paseo por el código">
      <p>JPetStore 6 es una aplicación MVC típica con tres capas: presentación, logica y acceso a datos.
      </p>
      <h4>Presentación</h4>
      <p>
      La capa de presentación está compuesta por ficheros JSP y ActionBeans de Stripes. Los JSPs usan HTML simple,
      tags JSTL y tagas de Stripes asi que no hay nada especial sobre ellos de cara a este ejemplo. Los ActionBeans de
      Stripes son como los actions de Struts o los controllers de Spring MVC asi que tampoco hay nada especial acerca de ellos.
      </p>
      <p>
      Dado que hemos integrado Stripes con Spring, podemos inyectar nuestros servcios en nuestros ActionBeans de forma que podemos
      simplemente usarlos sin preocuparnos de crearlos o buscarlos. Echa un vistazo al <code>CatalogActionBean</code>:</p>

<source><![CDATA[
@SessionScope
public class CatalogActionBean extends AbstractActionBean {
  ...
  @SpringBean
  private transient CatalogService catalogService;
  ...
  public ForwardResolution viewCategory() {
    if (categoryId != null) {
      productList = catalogService.getProductListByCategory(categoryId);
      category = catalogService.getCategory(categoryId);
    }
    return new ForwardResolution(VIEW_CATEGORY);
  }
  ...
]]></source>

	  <p>
	  Fíjate que en la anotación <code>@SpringBean</code> annotation, que es una anotación de Stripes que le indica
	  a Stripes que busque este bean en Spring y lo inyecte en el ActionBean.</p>

      <h4>Lógica</h4>
      <p>
      La lógica de aplicación está compuesta de Java beans planos que actuan como servicios y Java beans planos que
      actúan como objetos de dominio. Esta capa se encarga de rellenar objetos de dominio con datos de base de datos y
      de modificar la base de datos con el contenido de estos mismos objetos. Para ello esta capa debe ser transaccional, esto es,
      debe ser capaz de ralizar modificaciones atómicas en la base de datos.
      </p>
      <p>Veamos la clase <code>OrderService</code> para ver cómo hemos hecho todo esto:
      </p>

<source><![CDATA[
@Service
public class OrderService {

  @Autowired
  private ItemMapper itemMapper;
  @Autowired
  private OrderMapper orderMapper;
  @Autowired
  private LineItemMapper lineItemMapper;

  @Transactional
  public void insertOrder(Order order) {
    order.setOrderId(getNextId("ordernum"));
    for (int i = 0; i < order.getLineItems().size(); i++) {
      LineItem lineItem = (LineItem) order.getLineItems().get(i);
      String itemId = lineItem.getItemId();
      Integer increment = new Integer(lineItem.getQuantity());
      Map<String, Object> param = new HashMap<String, Object>(2);
      param.put("itemId", itemId);
      param.put("increment", increment);
      itemMapper.updateInventoryQuantity(param);
    }

    orderMapper.insertOrder(order);
    orderMapper.insertOrderStatus(order);
    for (int i = 0; i < order.getLineItems().size(); i++) {
      LineItem lineItem = (LineItem) order.getLineItems().get(i);
      lineItem.setOrderId(order.getOrderId());
      lineItemMapper.insertLineItem(lineItem);
    }
  }
]]></source>

      <p>
      Lo primero que habrás notado es que no hay código JDBC en el servicio y tampoco código de MyBatis.
      Puedes pensar que hemos usado el patron DAO y que el código de acceso a base de datos está en la capa de acceso a datos,
      pero como veremos después, la capa de acceso a base de datos está construida con mappers de MyBatis, que son
      interfaces java simples, y este es el motivo por el que <strong>no encontraás ninguna llamada al API de MyBatis en toda la aplicación</strong>.
      Simplemente no es necesario.
      </p>

      <p>
      Lo segundo en lo que te puedes haber fijado es que no hay commits ni rollbacks. Esto es porque el código usa
      la demarcación de transacciones declarativa de Spring que se soporta completamente en MyBatis-Spring.
      La anotación <code>@Transactional</code> de Spring indica que este método es transaccional,
      lo que significa que todas las llamadas a mappers <code>updateInventoryQuantity</code>, <code>insertOrder</code> and
      <code>insertLineItem</code> deben finalizar con éxito o no hacerlo ninguna.</p>

      <h4>Persistencia</h4>
      <p>
      La capa de persistencia está compuesta por mappers de MyBatis. Los mappers son interfaces Java simples y ficheros XML que contienen
      las sentencias SQL. No hay código Java en esta capa. Cuando se ejecuta el método
      <code>getOrder</code> del mapper interface <code>OrderMapper</code>,
      MyBatis ejecuta la sentencia SQL del stamtent getOrder del ficheroOrderMapper.xml file y rellena el bean
      de dominio <code>Order</code> con los datos obtenidos.
      </p>

<source><![CDATA[
public interface OrderMapper {
  List<Order> getOrdersByUsername(String username);
  Order getOrder(int orderId);
  void insertOrder(Order order);
  void insertOrderStatus(Order order);
}]]></source>

<source><![CDATA[
<mapper namespace="org.mybatis.jpetstore.persistence.OrderMapper">

  <cache />

  <select id="getOrder" resultType="Order" parameterType="int">
    SELECT
      BILLADDR1 AS billAddress1,
      BILLADDR2 AS billAddress2,
      BILLCITY,
      BILLCOUNTRY,
      BILLSTATE,
      BILLTOFIRSTNAME,
      BILLTOLASTNAME,
      BILLZIP,
      SHIPADDR1 AS shipAddress1,
      SHIPADDR2 AS shipAddress2,
      SHIPCITY,
      SHIPCOUNTRY,
      SHIPSTATE,
      SHIPTOFIRSTNAME,
      SHIPTOLASTNAME,
      SHIPZIP,
      CARDTYPE,
      COURIER,
      CREDITCARD,
      EXPRDATE AS expiryDate,
      LOCALE,
      ORDERDATE,
      ORDERS.ORDERID,
      TOTALPRICE,
      USERID AS username,
      STATUS
    FROM ORDERS, ORDERSTATUS
    WHERE ORDERS.ORDERID = #{value}
      AND ORDERS.ORDERID = ORDERSTATUS.ORDERID
  </select>
  ...
</mapper>
]]></source>

      <p>
      <span class="label important">NOTE</span>
      Puedes añadir caché a tus queries fácilmente añadiendo un elemento &lt;cache /&gt; a tu fichero de mapeo XML
      O, si lo prefieres, Spring puede cachear a más alto nivel, cacheando completamente la llamada al mapper o a todo el servicio.
      </p>

      </subsection>

      <subsection name="Running JPetStore">
        <p>Te prenguntarás. ¿Esto funciona? ¡Sí! Ejecutémoslo.</p>
        <p>Asumiendo que tienes un PC limpio estos son los pasos que debes seguir para ejecutar el ejemplo en Tomcat y Eclipse.</p>
        <ul>
          <li>Descarga e instala un JDK 6 o posterior</li>
          <li>Descarga y descomprime Eclipse</li>
          <li>Descarga y descomprime Tomcat</li>
          <li>Ejecuta Eclipse</li>
          <li>Ve a la pestaña Git</li>
          <li>Clona el repositorio https://github.com/mybatis/jpetstore-6.git</li>
          <li>Selecciona working directory, pulsa botón derecho y selecciona Import Projects (general)</li>
          <li>Ve a la pestaña Java EE</li>
          <li>Botón derecho en el projecto jpetstore y selecciona "Configure/Convert to Maven project"</li>
          <li>Botón derecho en el proyecto jpetstore y selecciona "run on server"</li>
          <li>Selecciona Tomcat 7 Server y configura el directorio donde lo descomprimiste</li>
          <li>¡¡La home de JPetStore debería mostrarse!!</li>
        </ul>

        <p>
          Ya estás listo para jugar con la demo, experimentar tus propios cambios o lo que tú quieras.
        </p>
        <p>
          Y recuerda que si encuentras un bug o ves que falta algo o que hay algo mejorable (por ejemplo faltan los tests!),
          haz un fork del repositorio, cámbialo y abre un pull request. Gracias de antemano!
        </p>
        <p>
          <span class="label important">NOTE</span>
		  JPetStore y debe ejecutarse en cualquier servidor compatible Servlet 2.5 y JSP 2.1. Tampoco es necesario NetBeans o Eclipse, 
		  puedes ejecutarlo desde tu IDE favorito o desde la línea de comando.
        </p>
      </subsection>
    </section>
  </body>
</document>
